original_path,renamed_path
local/templates/hiberg/src/images/arrow-catalog.svg,by_product/product--kholodilniki.svg
local/templates/hiberg/src/images/icons/logo-new.svg,by_product/hiberg-logo.svg
upload/iblock/02c/zn29zwmk4261o8ux4f9acq91t3j7nq52.webp,by_product/new--pylesos_besshumnyy_hiberg_stylle_q.webp
upload/iblock/04a/63t6plpl3j99ci7dwm22owvv7lh3u4tj.webp,by_product/new--vstraivaemyy_vinnyy_shkaf_hiberg_royal_w_85.webp
upload/iblock/0f4/asab1ohiicv0fzeidwrcajy16ij30a6x.webp,by_product/news--Новинки HIBERG технологичные комбинированные варочные поверхности i-VM 9025 B и i-VM 9035 B.webp
upload/iblock/102/26m3c1ppexpe7abagh6qravc9lt059mw.webp,by_product/new--vstraivaemaya_kofemashina_hiberg_proff_k.webp
upload/iblock/10b/w898bc9im7o9pbl4a612k0ugi4v0ryba.webp,by_product/new--varochnaya_poverkhnost_hiberg_vs_8555_b.webp
upload/iblock/117/ufegqm8w9ch5hbsdfugc8nuskds08ryv.webp,by_product/new--parovoy_shkaf_hiberg_sd_4gw.webp
upload/iblock/12a/wd9z9prklkp4wntvquj14yi4x6qkzpo3.webp,by_product/top--stiralno_sushilnaya_mashina_hiberg_turelle_i_10_sd.webp
upload/iblock/12b/wdw53wh545b504ypwmvq7zbtm1atswzb.webp,by_product/news--Новинка HIBERG индукционные варочные панели со встроенной вытяжкой нового поколения.webp
upload/iblock/187/8alr346wqigx7tr0qkmj0zcgo91z19xb.svg,by_product/social-ok.svg
upload/iblock/1be/7erup75m3mq90hcjubt5lo9zk3x3tscf.webp,"by_product/news--HIBERG PROFF-KP Ice и PROFF-KT Ice — кофемашины с ледогенератором, которые превращают кофе в ис.webp"
upload/iblock/1be/n71uadsn30ut6qgerljak3g2cxuloey3.jpg,by_product/news--Новые газовые поверхности HIBERG идеальное сочетание функциональности и стиля.jpg
upload/iblock/245/sk8t2367y5e4g40pdohsyq2yl9tz8vjl.png,by_product/yandex-market-logo.png
upload/iblock/263/up5vbg8pskxj92ebd4jizyoul2lt7f3b.webp,by_product/news--Холодильник HIBERG S-RFC 600 W Invertor уникальное решение для современных кухонь.webp
upload/iblock/2b6/6i9627p09t33fi7c8qz2cm4gvib8a59g.svg,by_product/social-telegram.svg
upload/iblock/2d9/nctn0vuwjwxhk7huefiulznk1yrx74n0.webp,by_product/top--kholodilnik_hiberg_i_rfq_705g_b.webp
upload/iblock/333/nqmhp5wrp791r6iefmceoztor6lr2p11.webp,by_product/banner--stiralno_sushilnaya_mashina_hiberg_turelle_i_10_sd.webp
upload/iblock/33a/p6vccp930y0c01z9097yrl4vquj03tj7.webp,by_product/new--umnyy_zhurnalnyy_stolik_s_kholodilnikom_hiberg_x3_mb.webp
upload/iblock/363/07krpuj5fett21ee0rhs594fi5f3pj48.webp,by_product/new--sushilnaya_mashina_hiberg_hdq11_10_sd.webp
upload/iblock/3e1/ngz3v7n91vgfp1e367ocpd8v92bqp38t.svg,by_product/social-rutube.svg
upload/iblock/3f3/3pdiizxbrhdkn736k8eev2mm1n12b6o4.webp,by_product/news--HIBERG на выставке ARTDOM 2026 технологии дизайна и инновационный комфорт в доме.webp
upload/iblock/3f6/etkn7guzpnt0utt7q3po3c61dpg06emx.webp,by_product/news--Новая серия посудомоечных HIBERG i-X — интеллектуальная чистота в двух форматах.webp
upload/iblock/3f7/ffyvrakvahuaxuipmrzobonr22u5y29s.webp,by_product/new--dukhovoy_shkaf_hiberg_ms_vm_5115_w_smart.webp
upload/iblock/413/xtzvsiwy3q1aqawtxkmcljovcb9s93v1.webp,by_product/news--HIBERG открывает новую эру домашнего комфорта — премьера паровых шкафов SD 5G.webp
upload/iblock/425/ie0reib3qri97hqfhbzkb2ldybts2eqr.webp,"by_product/news--HIBERG S-VMF 6515 B SMART — домашний шеф-повар, который выводит Вашу кухню на новый уровень.webp"
upload/iblock/47a/f0xqpkmvcj6z6fwllxdnd27znk4nt1v7.webp,by_product/new--dukhovoy_shkaf_hiberg_s_vmf_5515_b_smart.webp
upload/iblock/492/edzkdateppn4mfpsxgrdjygblwl8h3bg.webp,by_product/banner--vstraivaemyy_vinnyy_shkaf_hiberg_royal_w_85-2.webp
upload/iblock/4c5/srvwbg2rzjf5boi857ttp765ep1szsfp.webp,by_product/top--morozilnik_hiberg_i_fr_40_s.webp
upload/iblock/4ed/ta5p834hvf9wvk086csw9hlpu5571o7j.png,by_product/wildberries-logo.png
upload/iblock/588/y7poxave4lknqv7vkt3s11ldwnkb241o.webp,"by_product/news--HIBERG открывает новое поколение морозильных ларей технологии, надёжность и стиль в каждой дета.webp"
upload/iblock/5ad/6jxm64z3m6eartxq8x2en4sj8mo76bsp.webp,by_product/top--teploventilyator_hiberg_tsh_3000_b.webp
upload/iblock/628/b3abx1r9cp6ed8552fw6jz9pe1tseopj.webp,by_product/new--induktsionnaya_varochnaya_poverkhnost_s_vytyazhkoy_hiberg_i8_vm8_b.webp
upload/iblock/843/ztxu45dsnnv0sgua4n2lo2si5sprm3qf.webp,by_product/banner--umnyy_zamok_hiberg_zevs.webp
upload/iblock/862/40olweppl44px2pdfzb66x7ftqcwqeot.webp,"by_product/news--Больше, чем морозильник HIBERG i-FR 44G B — максимум свежести и удобства в вашем доме.webp"
upload/iblock/8ac/992thrmnw0kaozntrbm6ftmijxs6ky0t.webp,by_product/banner--stiralno_sushilnaya_mashina_hiberg_turelle_i_10_sd-2.webp
upload/iblock/8c2/dckgiar3qaofiwout613crvhvhbj77q4.webp,by_product/top--dukhovoy_shkaf_hiberg_s_vm_6415_b_smart.webp
upload/iblock/8e8/bflbhjnma2uk7srnuf6e2hkfd6v5m5h9.webp,by_product/news--HIBERG раскрывает технологии идеального вкуса новая коллекция аэрогрилей.webp
upload/iblock/8f6/lljul5e1fwyi42wy38i72ce1r8se7z45.webp,by_product/banner--split_sistema_hiberg_i_18_night-2.webp
upload/iblock/92e/9rmi894ak1iiyp2iiu1nxb68h42c3cbq.webp,by_product/new--varochnaya_poverkhnost_hiberg_i_ms_6249_b.webp
upload/iblock/972/57s72i53h789vf2q1v5lwb9w0awu54r8.webp,by_product/banner--split_sistema_hiberg_i_18_night.webp
upload/iblock/9c0/m34sm748l4rs27o4nahqpm6odl6j4884.webp,by_product/new--aerogril_hiberg_gf_400_gb.webp
upload/iblock/9ca/agvd37jaq26x6ckkwyfu6z3o6px1543r.webp,by_product/news--Инновации в уходе за одеждой представляем новый паровой шкаф HIBERG SD 6GB.webp
upload/iblock/a93/08llto9b5gv3m8djo12s9fbhyj4nwiov.webp,by_product/banner--catalog.webp
upload/iblock/ab3/q1wf98ev8g05dspaivjtjfu6d5xtpeai.webp,by_product/banner--umnyy_zamok_hiberg_zevs-2.webp
upload/iblock/ad6/ihf5ztqj9lp1gguyokr1h22yw3jafwia.webp,by_product/top--varochnaya_poverkhnost_hiberg_i_ms_4539_b.webp
upload/iblock/b29/of6m3ge6qmfpq5qnekurpetlftjeoojp.webp,"by_product/news--HIBERG представляет i-RFT 750G B — холодильник, в котором соединились стиль, технологичность и.webp"
upload/iblock/b78/fmc3tdw9rq9nfdh4yzc0lm312df1f6da.webp,by_product/top--varochnaya_poverkhnost_hiberg_vm_4235_b.webp
upload/iblock/b9d/h7gbinla2ukqs77jplttx43khyar6sv6.webp,by_product/new--stiralnaya_mashina_hiberg_i_ddq11_1014_w.webp
upload/iblock/bd4/5ovb8za8iz6rgb7fjj4e8fbyjo49o6fe.webp,by_product/new--dukhovoy_shkaf_hiberg_s_vm_6415_b_smart.webp
upload/iblock/cb9/vgojdozh844dj92fnvayskfj8ou1yjj0.webp,by_product/new--vstraivaemyy_kholodilnik_hiberg_s_rfc_600_b_inverter.webp
upload/iblock/d08/7ixmeirhv9td223nx1tu37uk5zuc0xb9.svg,by_product/social-vk.svg
upload/iblock/d29/95r1zf4v26o6wlv5599yw1qna7g8nm0p.webp,by_product/news--HIBERG ZEVS когда безопасность дома становится интеллектуальной.webp
upload/iblock/d30/blx74ggdwcveoyfww9hfqaalr3zks9jx.webp,by_product/banner--vstraivaemyy_vinnyy_shkaf_hiberg_royal_w_85.webp
upload/iblock/d54/w3a0emy2so6n269p5at09wev28xjbr3b.webp,by_product/news--HIBERG ROYAL — премиальные винные шкафы для истинных ценителей вкуса и стиля.webp
upload/iblock/e34/mftu47rx36uq5a26dtc012e0y8n6mixt.webp,by_product/news--HIBERG представляет новинки варочных панелей со встроенной вытяжкой.webp
upload/iblock/e5c/m5poqumigr18keazyoryovldqgg1cqfk.webp,by_product/news--Новинка HIBERG индукционные варочные панели с премиальным дизайном и интеллектуальными функциям.webp
upload/iblock/ed8/egsnlabitux6gkehp4br58070e38isd6.webp,by_product/new--parovaya_gladilnaya_sistema_hiberg_gsw_8000_black_orange.webp
upload/iblock/edb/as7dgzviealqw2t3qw0zsb7i4u664y2p.png,by_product/ozon-logo.png
upload/iblock/f44/6k4sa1q44ey7le7ijfdm01v6dj20d6k9.webp,by_product/new--posudomoechnaya_mashina_hiberg_i_q_6815_lb.webp
upload/iblock/f44/eqlsau61ca1n1qpyik28d9bv4nk0fq51.webp,by_product/new--pylesos_moyushchiy_hiberg_storm_3.webp
upload/iblock/f82/3o343wmn3ieun03tvvx4e7psc3xzg5kf.webp,"by_product/news--HIBERG i-RFCB 520F NFW технологии, которые сохраняют свежесть и эстетику кухни.webp"
upload/iblock/fb7/4rkjz9mb54dwtgffjw3ydzz7fp3gfys2.webp,by_product/banner--catalog-2.webp
upload/iblock/fe1/0kga6z9w8bt0fq5wuli3z36uhifq0r2d.webp,by_product/top--kholodilnik_hiberg_rfq_590g_gt_inverter.webp
upload/iblock/fe7/a8u9q81fxpwo6wisbiefeuqno4gbtfnz.webp,by_product/news--Принцип работы и преимущества гидролизной очистки в духовом шкафу.webp
upload/uf/187/072gh4p3xphc35s1n1e5bson6hdrembd.webp,by_product/product--vinnye_shkafy.webp
upload/uf/1cb/pchziyueycgyhg2lkuy7sespa8n6m8lh.webp,by_product/product--varochnye_poverkhnosti_s_vytyazhkoy.webp
upload/uf/20c/btmbzvz0wlx50qku87lvfttz08x772bs.webp,by_product/product--kholodilniki.webp
upload/uf/235/w77zm32y7xo95ff0x0ai6zal4t8ofn1t.webp,by_product/product--varochnye_poverkhnosti.webp
upload/uf/236/63yg3sho657b2ia9gpaoq2y7yhlx8tj3.webp,by_product/product--otparivateli.webp
upload/uf/24d/53cm5bxxrthjrl3fmezpsfa232nauado.webp,by_product/product--umnye_zamki.webp
upload/uf/3f2/4iwm1b2nohar8blkqer2zt0zzi4biutk.webp,by_product/product--umnye_zhurnalnye_stoliki_s_kholodilnikom.webp
upload/uf/478/z3xrdl7zpp7qr6tjs8t444ai0njvg9iy.webp,by_product/product--svch.webp
upload/uf/529/4w27mtvxd508l4ne5cpmcvjthnr8pqkm.webp,by_product/product--stiralnye_mashiny.webp
upload/uf/79b/iqfw1z0t2grn0k3j9z1mndab2lt0kmr3.webp,by_product/product--myasorubki.webp
upload/uf/7c6/yb77986nb58a83emjmt4ocppm8ronz8t.webp,by_product/product--vstraivaemye_kofemashiny.webp
upload/uf/81f/jb5tgquio3rdojdctlytbargdor7rp0w.webp,by_product/product--stiralno_sushilnye_kolonny.webp
upload/uf/87c/52801m9hu3jmy2uxuam86vxbwsojvj17.webp,by_product/product--pylesosy.webp
upload/uf/9b7/us523u1xcawsgjeeh1srakpuiedhojj8.webp,by_product/product--posudomoechnye_mashiny.webp
upload/uf/bd1/jp065tt1e3v1q90ipvei6srah2ffskhi.webp,by_product/product--kulery.webp
upload/uf/c97/qk2kvivwcz43r2853ckzka19g8kaqjxd.webp,by_product/product--plity.webp
upload/uf/ca9/anslszscvid3jzwik32so1gc8qweg090.webp,by_product/product--dukhovye_shkafy.webp
upload/uf/cd7/zxb3z83xyeur6et8oxg1tpnjxshpm5y4.webp,by_product/product--vytyazhki.webp
upload/uf/ceb/2wpdkziuaqez6lopv9jwgn74ygwsy29n.webp,by_product/product--morozilniki.webp
upload/uf/d0f/rh0o4nkqwph5rlgkdcui6tzn07pp3pth.webp,by_product/product--vstraivaemye_kholodilniki_i_morozilniki.webp
upload/uf/d1d/lwr88s85miay4v266x1565zaizv0p2cv.webp,by_product/product--parovye_shkafy.webp
upload/uf/e5d/rnl1njljqcs44y6nizp2z7l5fddkbhom.webp,by_product/product--aerogril.webp
favicons/apple-touch-icon.png,by_product/_misc/apple-touch-icon.png
favicons/favicon-96x96.png,by_product/_misc/favicon-96x96.png
favicons/favicon.ico,by_product/_misc/favicon.ico
favicons/favicon.svg,by_product/_misc/favicon.svg
local/templates/hiberg/src/images/arrow-slider.svg,by_product/_misc/arrow-slider.svg
local/templates/hiberg/src/images/back.webp,by_product/_misc/back.webp
local/templates/hiberg/src/images/icons/1x1.webp,by_product/_misc/1x1.webp
local/templates/hiberg/src/images/icons/4x3.webp,by_product/_misc/4x3.webp
local/templates/hiberg/src/images/icons/arrow-slider.svg,by_product/_misc/arrow-slider.svg
local/templates/hiberg/src/images/icons/logo_avex.webp,by_product/_misc/logo_avex.webp
